{
  "note": "W_eff = W2 @ W1, the composition of the two identity-activation Dense layers. (48 x 256)",
  "W1_shape": [
    512,
    256
  ],
  "W2_shape": [
    48,
    512
  ],
  "W_eff_shape": [
    48,
    256
  ],
  "backbone_hidden_dim": 256,
  "projection_out_dim": 48,
  "singular_values": [
    0.8981963396072388,
    0.5546376705169678,
    0.5482811331748962,
    0.5409606695175171,
    0.5343336462974548,
    0.531485378742218,
    0.5271295309066772,
    0.5199023485183716,
    0.5147082209587097,
    0.5067863464355469,
    0.5020923614501953,
    0.4995036721229553,
    0.49681535363197327,
    0.4955351948738098,
    0.4885328710079193,
    0.4859447777271271,
    0.48211291432380676,
    0.4818553626537323,
    0.4788632094860077,
    0.4740622341632843,
    0.47240689396858215,
    0.4688071608543396,
    0.46594274044036865,
    0.46467986702919006,
    0.4642389714717865,
    0.45876777172088623,
    0.45451250672340393,
    0.4511532187461853,
    0.4470286965370178,
    0.4461464583873749,
    0.44434690475463867,
    0.44050902128219604,
    0.4353691637516022,
    0.4339885711669922,
    0.4328444302082062,
    0.4312857687473297,
    0.42690470814704895,
    0.42360320687294006,
    0.42153412103652954,
    0.42017415165901184,
    0.4169401526451111,
    0.4097750186920166,
    0.40610626339912415,
    0.40213748812675476,
    0.39887791872024536,
    0.3948749899864197,
    0.39211127161979675,
    0.3890167772769928
  ],
  "singular_value_normalized": [
    1.0,
    0.6175016164779663,
    0.6104245781898499,
    0.6022744178771973,
    0.5948962569236755,
    0.5917251706123352,
    0.5868756175041199,
    0.578829288482666,
    0.5730464458465576,
    0.5642266869544983,
    0.5590006709098816,
    0.5561186075210571,
    0.5531255602836609,
    0.5517002940177917,
    0.5439043045043945,
    0.5410228967666626,
    0.536756694316864,
    0.5364699959754944,
    0.5331386923789978,
    0.5277935266494751,
    0.5259506106376648,
    0.5219428539276123,
    0.5187537670135498,
    0.5173477530479431,
    0.5168569087982178,
    0.510765552520752,
    0.5060279965400696,
    0.5022879838943481,
    0.4976959824562073,
    0.4967137277126312,
    0.49471020698547363,
    0.4904373288154602,
    0.48471492528915405,
    0.4831778407096863,
    0.4819040298461914,
    0.4801687002182007,
    0.47529107332229614,
    0.47161537408828735,
    0.46931177377700806,
    0.4677976667881012,
    0.4641971290111542,
    0.456219881772995,
    0.452135294675827,
    0.44771668314933777,
    0.4440876543521881,
    0.43963104486465454,
    0.43655407428741455,
    0.4331088364124298
  ],
  "cumulative_energy_top_k": [
    0.07340067625045776,
    0.10138895362615585,
    0.1287393867969513,
    0.15536433458328247,
    0.18134094774723053,
    0.20704136788845062,
    0.23232223093509674,
    0.2569146454334259,
    0.28101810812950134,
    0.30438533425331116,
    0.32732170820236206,
    0.35002216696739197,
    0.3724789619445801,
    0.3948201537132263,
    0.4165343940258026,
    0.43801918625831604,
    0.4591664671897888,
    0.4802911877632141,
    0.501154363155365,
    0.5216012597084045,
    0.5419056415557861,
    0.5619018077850342,
    0.5816543102264404,
    0.6012998819351196,
    0.620908260345459,
    0.6400571465492249,
    0.6588523983955383,
    0.6773709058761597,
    0.695552408695221,
    0.7136621475219727,
    0.7316260933876038,
    0.7492810487747192,
    0.766526460647583,
    0.7836626172065735,
    0.800708532333374,
    0.8176319599151611,
    0.8342132568359375,
    0.8505390882492065,
    0.8667058944702148,
    0.882768452167511,
    0.8985848426818848,
    0.9138621687889099,
    0.9288672208786011,
    0.9435803890228271,
    0.9580560326576233,
    0.9722425937652588,
    0.98623126745224,
    1.0
  ],
  "rank_99_energy": 48,
  "rank_95_energy": 45,
  "rank_90_energy": 42,
  "rank_50_energy": 19,
  "effective_rank_participation_ratio": 46.78251647949219
}