{
  "dataset": "BeIR/scifact",
  "model": "mixedbread-ai/mxbai-edge-colbert-v0-17m",
  "full_dim": 48,
  "n_queries": 300,
  "n_docs": 5183,
  "per_strategy": {
    "naive": {
      "48": {
        "ndcg_at_10": 0.6921767709174839,
        "n_queries": 300,
        "elapsed_sec": 62.267418384552
      },
      "40": {
        "ndcg_at_10": 0.6782479447207739,
        "n_queries": 300,
        "elapsed_sec": 61.860222578048706
      },
      "32": {
        "ndcg_at_10": 0.6645108099869985,
        "n_queries": 300,
        "elapsed_sec": 61.4906542301178
      },
      "24": {
        "ndcg_at_10": 0.6352059468092814,
        "n_queries": 300,
        "elapsed_sec": 61.523969650268555
      },
      "16": {
        "ndcg_at_10": 0.5527454648556371,
        "n_queries": 300,
        "elapsed_sec": 61.5208215713501
      },
      "8": {
        "ndcg_at_10": 0.28235585642265487,
        "n_queries": 300,
        "elapsed_sec": 61.47283887863159
      }
    },
    "pca": {
      "48": {
        "ndcg_at_10": 0.6921767709174839,
        "n_queries": 300,
        "elapsed_sec": 62.0058434009552
      },
      "40": {
        "ndcg_at_10": 0.6833195528138011,
        "n_queries": 300,
        "elapsed_sec": 62.145777225494385
      },
      "32": {
        "ndcg_at_10": 0.6753105647858615,
        "n_queries": 300,
        "elapsed_sec": 61.79914164543152
      },
      "24": {
        "ndcg_at_10": 0.6488017667344187,
        "n_queries": 300,
        "elapsed_sec": 61.65440344810486
      },
      "16": {
        "ndcg_at_10": 0.5911740474655804,
        "n_queries": 300,
        "elapsed_sec": 61.84376072883606
      },
      "8": {
        "ndcg_at_10": 0.30179492588854734,
        "n_queries": 300,
        "elapsed_sec": 61.62849187850952
      }
    },
    "random": {
      "48": {
        "ndcg_at_10": 0.6921767709174839,
        "n_queries": 300,
        "elapsed_sec": 61.98117995262146
      },
      "40": {
        "ndcg_at_10": 0.6818686533483795,
        "n_queries": 300,
        "elapsed_sec": 61.92883896827698
      },
      "32": {
        "ndcg_at_10": 0.6591000513763218,
        "n_queries": 300,
        "elapsed_sec": 61.88719296455383
      },
      "24": {
        "ndcg_at_10": 0.6378397403367377,
        "n_queries": 300,
        "elapsed_sec": 61.883299589157104
      },
      "16": {
        "ndcg_at_10": 0.5359756899932258,
        "n_queries": 300,
        "elapsed_sec": 61.80853772163391
      },
      "8": {
        "ndcg_at_10": 0.1809432104923926,
        "n_queries": 300,
        "elapsed_sec": 61.77078676223755
      }
    }
  },
  "pca_cumulative_energy_top_k": [
    0.6672370433807373,
    0.6870855689048767,
    0.7045525908470154,
    0.7181973457336426,
    0.7306973338127136,
    0.742315411567688,
    0.7530913949012756,
    0.7631825804710388,
    0.7723799347877502,
    0.7812759876251221,
    0.7900893092155457,
    0.7985941171646118,
    0.8067657351493835,
    0.8149011135101318,
    0.8229105472564697,
    0.83086758852005,
    0.8384773135185242,
    0.8459189534187317,
    0.8530048131942749,
    0.8600237965583801,
    0.8666999936103821,
    0.8733274936676025,
    0.8797808885574341,
    0.8861168026924133,
    0.8923290371894836,
    0.8984096050262451,
    0.9044153094291687,
    0.9102794528007507,
    0.9159743189811707,
    0.9215254783630371,
    0.927010715007782,
    0.9322496056556702,
    0.9373844265937805,
    0.9423825144767761,
    0.9472649097442627,
    0.9521237015724182,
    0.9568780064582825,
    0.9614827036857605,
    0.9659320116043091,
    0.9702661037445068,
    0.9744191765785217,
    0.9785120487213135,
    0.9825354218482971,
    0.9863863587379456,
    0.990079402923584,
    0.9936843514442444,
    0.9970133304595947,
    1.0000001192092896
  ]
}
