{
  "1_Dense": {
    "matrix": "W1 = 1_Dense.weight (in=256 -> hidden=512)",
    "shape": [
      512,
      256
    ],
    "rank_full": 256,
    "singular_values_top": [
      1.4215257167816162,
      1.3785736560821533,
      1.3720253705978394,
      1.361969232559204,
      1.3489947319030762,
      1.3438162803649902,
      1.3293843269348145,
      1.3222662210464478,
      1.3055846691131592,
      1.2978498935699463,
      1.2933852672576904,
      1.2887662649154663,
      1.2838973999023438,
      1.2726086378097534,
      1.2683805227279663,
      1.254608154296875,
      1.2465800046920776,
      1.24057137966156,
      1.2349891662597656,
      1.2257393598556519
    ],
    "singular_values_tail": [
      0.28969720005989075,
      0.2764703929424286,
      0.2697443962097168,
      0.2626762390136719,
      0.24742183089256287
    ],
    "rank_99_energy": 238,
    "rank_95_energy": 200,
    "rank_90_energy": 171,
    "rank_50_energy": 64,
    "effective_rank_participation_ratio": 223.3379364013672,
    "frobenius_norm": 13.317511558532715
  },
  "2_Dense": {
    "matrix": "W2 = 2_Dense.weight (hidden=512 -> out=48)",
    "shape": [
      48,
      512
    ],
    "rank_full": 48,
    "singular_values_top": [
      0.8018491268157959,
      0.7155641317367554,
      0.7056572437286377,
      0.6996236443519592,
      0.6978353261947632,
      0.6882950663566589,
      0.6793656349182129,
      0.6755796670913696,
      0.6754106283187866,
      0.6648699641227722,
      0.6567524075508118,
      0.6546803712844849,
      0.6523535847663879,
      0.6486014723777771,
      0.6370376944541931,
      0.6302488446235657,
      0.6286869049072266,
      0.6159418225288391,
      0.614520788192749,
      0.6056573390960693
    ],
    "singular_values_tail": [
      0.5040233135223389,
      0.49834421277046204,
      0.4939170181751251,
      0.48431798815727234,
      0.4766829013824463
    ],
    "rank_99_energy": 48,
    "rank_95_energy": 45,
    "rank_90_energy": 41,
    "rank_50_energy": 20,
    "effective_rank_participation_ratio": 47.33220291137695,
    "frobenius_norm": 4.171493053436279
  },
  "composed": {
    "matrix": "W_eff = W2 @ W1 (in=256 -> out=48)",
    "shape": [
      48,
      256
    ],
    "rank_full": 48,
    "singular_values_top": [
      0.8981963396072388,
      0.5546376705169678,
      0.5482810735702515,
      0.5409606695175171,
      0.5343336462974548,
      0.531485378742218,
      0.5271295309066772,
      0.5199023485183716,
      0.5147082209587097,
      0.5067862868309021,
      0.5020923614501953,
      0.49950364232063293,
      0.49681535363197327,
      0.4955351948738098,
      0.4885328710079193,
      0.4859447777271271,
      0.48211291432380676,
      0.4818553924560547,
      0.4788632094860077,
      0.4740622043609619
    ],
    "singular_values_tail": [
      0.4021374583244324,
      0.39887791872024536,
      0.3948749899864197,
      0.39211127161979675,
      0.3890167474746704
    ],
    "rank_99_energy": 48,
    "rank_95_energy": 45,
    "rank_90_energy": 42,
    "rank_50_energy": 19,
    "effective_rank_participation_ratio": 46.78251647949219,
    "frobenius_norm": 3.3152880668640137
  },
  "rank_bound_note": "The composed map W_eff is the equivalent single-linear projection. Its rank is bounded by min(rank W1, rank W2). Any single linear layer with the same input and output dims would also be at most rank min(in, out) = min(256, 48) = 48. So the 2-layer FFN with identity activation has identical EXPRESSIVITY to a single linear projection of the same shape."
}